Fryan Sopacua,sopacuafryan17@gmail.com,082239195106
Aulia Rahmadhani,rahmadhaniaulia93@gmail.com,081998480002
Nurlina A Tuasikal,nurlinatuasikal@gmail.com,082248686488
Nensi,neniowes@gmail.com,082239926147
Untung Desy Purnamasari,untungdesypurnamasari@gmail.com,081247662562
Leonardo Kristofel,letelayleonardo45@gmail.com,082310263228
Trisakti Agriani,saktitititi@gmail.com,082142109563
Imran Selang,Imran.selang@gmail.com,085243108077
La jasman,Manjas4148@gmail.com,082248239034
Fira Adelia Tawainella,firaadelia00@gmail.com,081344228011
Nurul ainu  marfuah,@nurulainun884@gmail.com,082298920542
MALA,malaorella@gmail.com,085348460533
Loria H Tahalele,loriatahalele1996@gmail.com,085156397808
HERLINDA PERMATA SARI LAISOUW,permatasarilaisouw@gmail.com,082199624011
Indahwati Soulisa,indahwatisoulisa@gmail.com,?082117882225?
Srimuna Kasim,srimunakasim595@gmail.com,082399899115
WITA LANGGOLO,witalanggolo07@gmail.com,085256291335
Lutpi Tuarita,Lutfituarita@gmail.com,081286968660
St. Samirah. Hm,stsamirahhm@gmail.com,081245870194
Fatma Idris Rumalutur,fatmaidris9617@gmail.com,082240350800
Fakhri Johansyah Suneth,fakhrisuneth@gmail.com,081247885854
Indah Mutimatul Maufiroh,indahmuma@gmail.com,085236887345
Firda zulaiha rumasukun,firdazulaiha@gmail.com,082298517828
NIA MATARANGGA PATTY,niapatty14@gmail.com,081247903365
Rosdiana Kelutur,rosdiana.kelutur@gmail.com,082335187537
Winda,windabugis02@icloud.com,082198227363
Anisa Nabila,aniesanabila@gmail.com,82197661169
Rahmat Mudzakir Husayn,rahmatmh6@gmail.con,082238801667
Daunia Arsila Rusmin,Aryilaila71@gmail.com,081247623870
FITRI ERTUTI THERESIA FAUZI,fitri.ertutifauzi@gmail.com,081246828564
Rosdiana tutupoho,ochatutupoho2312@gmail.com,085244405475
Nur Hikmah H Amahoru,nurhikmahhamahoru@gmail.com,085317222612
Musdalifah Savitri Hm,Musdalifahsavitrihm92@gmail.com,085255659466
Muhammad Imam Taqwin,imamtaqwin@gmail.com,085764041227
Haidir Hajalil ,Haidirhajalil@gmail.com ,082187377770
Nurul Fahmi,nurulfahmi797@gmail.com,085394186973
Diliyana Kwaar,diliyana07@gmail.com,082199898384
Joice Essen kwaar,diliyana07@gmail.com,081248835453
Indrawati Zainuddin,iendrwt.z06@gmail.com,081293307430
Delisma,delismasmart@gmail.com,085376587507
Ashari Bayu Prasada Dulhasyim,asharibayu01@gmail.com,081356078201
Lira Novita Sari,liranovitasari57@gmail.com,088270887270
Erfifin wabula,fifinkimia@gmail.com,082399366700
Arwati Kilwow,arwati_kilwow@yahoo.com,081247477407
Grawfford Jefta Leiwakabessy,greyleiwakabessy@gmail.com,085244579186
Aan trika pratama putra,aantrika20@gmail.com,082196276091
Laila Dwi Purnamasari,Ldpurnamasari03@gmail.com,089690127931
Salma Hayoto,salmahayoto15@gmail.com,085354473527
Muhammad Ahzab Pelu,muhammadahzabpelu@gmail.com,082116844137
